NumberOfLayers;NumberOfNodePerLayer;TokenDelay;TransmitRate;NumberOfSensorTypes;AvgEnergie;AvgAppLoopDelay;AvgTupleCpuExecutionDelay;TotalExecutedTuples
3;4;0.000;5.000000;6;24365.830929;35.590435;33.855835;456
4;4;0.000;5.000000;6;21437.681813;42.862839;51.649048;456
5;4;0.000;5.000000;6;19332.402472;50.028469;48.739422;456
6;4;0.000;5.000000;6;17760.271738;52.820843;49.248631;456
7;4;0.000;5.000000;6;16576.277250;52.827499;49.245045;456
8;4;0.000;5.000000;6;15648.977630;52.840847;49.248631;456
9;4;0.000;5.000000;6;14902.014226;52.847504;49.245045;456
10;4;0.000;5.000000;6;14288.391299;52.860840;49.248631;456
