NumberOfLayers;NumberOfNodePerLayer;TokenDelay;TransmitRate;NumberOfSensorTypes;AvgEnergie;AvgAppLoopDelay;AvgTupleCpuExecutionDelay;TotalExecutedTuples
3;4;0.000;5.000000;6;26000.769552;14.301353;13.229176;456
4;4;0.000;5.000000;6;24145.630963;15.362403;11.865032;456
5;4;0.000;5.000000;6;22092.143105;15.979215;13.332157;456
6;4;0.000;5.000000;6;21261.136281;17.122568;13.729477;456
7;4;0.000;5.000000;6;19922.718151;17.673010;15.924515;456
8;4;0.000;5.000000;6;18858.789335;17.995630;16.585732;456
9;4;0.000;5.000000;6;17835.540299;18.201538;18.190434;456
10;4;0.000;5.000000;6;17002.209859;18.074001;17.810623;456
